date,trial_num,trial_date,matings,female_age,treatment,vial,trial_start,mating_start,mating_end,male_type,mating_latency,trial_duration,courtship_bouts,mated?,notes,
2023-11-23,1,nov_23,some,14,medium,1,9:06:05 AM,NA,NA,glued,,10800,5,,,
2023-11-23,1,nov_23,some,14,high,1,9:06:48 AM,9:11:53 AM,9:34:20 AM,normal,305,1652,0,y,,
2023-11-23,1,nov_23,some,14,low,1,9:06:49 AM,NA,NA,glued,,10800,5,,,
2023-11-23,1,nov_23,some,14,medium,2,9:07:45 AM,NA,NA,glued,,10800,5,,,
2023-11-23,1,nov_23,some,14,high,2,9:07:46 AM,,,normal,,10800,5,,,
2023-11-23,1,nov_23,some,14,low,2,9:08:08 AM,NA,NA,glued,,10800,5,,,
2023-11-23,1,nov_23,some,14,medium,3,9:08:11 AM,NA,NA,glued,,10800,5,,,
2023-11-23,1,nov_23,some,14,high,3,9:08:29 AM,9:23:47 AM,9:46:54 AM,normal,918,2305,0,y,,
2023-11-23,1,nov_23,some,14,low,3,dead,,,normal,,10800,NA,,,
2023-11-23,1,nov_23,some,14,medium,4,9:08:56 AM,NA,NA,glued,,10800,5,,,
2023-11-23,1,nov_23,some,14,high,4,9:08:57 AM,,,normal,,10800,5,,,
2023-11-23,1,nov_23,some,14,low,4,9:09:07 AM,NA,NA,glued,,10800,5,,,
2023-11-23,1,nov_23,some,14,medium,5,9:09:34 AM,NA,NA,glued,,10800,5,,,
2023-11-23,1,nov_23,some,14,high,5,9:09:34 AM,10:03:54 AM,10:22:51 AM,normal,3260,4397,5,y,,
2023-11-23,1,nov_23,some,14,low,5,9:10:03 AM,NA,NA,glued,,10800,5,,,
2023-11-23,1,nov_23,some,14,medium,6,9:10:56 AM,NA,NA,glued,,10800,1,,,
2023-11-23,1,nov_23,some,14,high,6,9:10:56 AM,,,normal,,10800,5,,,
2023-11-23,1,nov_23,some,14,low,6,9:12:24 AM,NA,NA,glued,,10800,5,,,
2023-11-23,1,nov_23,some,14,medium,7,9:12:24 AM,NA,NA,glued,,10800,5,,,
2023-11-23,1,nov_23,some,14,high,7,9:12:24 AM,,,normal,,10800,5,,,
2023-11-23,1,nov_23,some,14,low,7,9:12:40 AM,NA,NA,glued,,10800,5,,,
2023-11-23,1,nov_23,some,14,medium,8,9:12:51 AM,NA,NA,glued,,10800,5,,,
2023-11-23,1,nov_23,some,14,high,8,9:13:30 AM,,,normal,,10800,5,,,
2023-11-23,1,nov_23,some,14,low,8,9:14:11 AM,NA,NA,glued,,10800,5,,,
2023-11-23,1,nov_23,some,14,medium,9,9:15:12 AM,NA,NA,glued,,10800,5,,,
2023-11-23,1,nov_23,some,14,high,9,9:15:12 AM,,,normal,,10800,5,,,
2023-11-23,1,nov_23,some,14,low,9,9:15:13 AM,NA,NA,glued,,10800,5,,,
2023-11-23,1,nov_23,some,14,medium,10,9:15:41 AM,NA,NA,glued,,10800,5,,,
2023-11-23,1,nov_23,some,14,high,10,9:17:32 AM,,,normal,,10800,5,,,
2023-11-23,1,nov_23,some,14,low,10,9:17:33 AM,NA,NA,glued,,10800,5,,,
2023-11-23,1,nov_23,some,14,medium,11,9:17:34 AM,NA,NA,glued,,10800,5,,,
2023-11-23,1,nov_23,some,14,high,11,9:17:35 AM,11:36:44 AM,12:05:01 PM,normal,8349,10046,5,y,mating ended approx. 8 min earlier,
2023-11-23,1,nov_23,some,14,low,11,9:19:08 AM,NA,NA,glued,,10800,5,,,
2023-11-23,1,nov_23,some,14,medium,12,9:19:08 AM,NA,NA,glued,,10800,5,,,
2023-11-23,1,nov_23,some,14,high,12,9:19:10 AM,12:03:47 PM,12:13:40 PM,normal,9877,10470,5,y,,
2023-11-23,1,nov_23,some,14,low,12,9:20:08 AM,NA,NA,glued,,10800,1,,,
2023-11-23,1,nov_23,some,14,medium,13,9:20:09 AM,NA,NA,glued,,10800,3,,,
2023-11-23,1,nov_23,some,14,high,13,9:20:10 AM,,,normal,,10800,5,,,
2023-11-23,1,nov_23,some,14,low,13,9:20:10 AM,NA,NA,glued,,10800,3,,,
2023-11-23,1,nov_23,some,14,medium,14,9:20:59 AM,NA,NA,glued,,10800,5,,,
2023-11-23,1,nov_23,some,14,high,14,9:21:00 AM,,,normal,,10800,5,,,
2023-11-23,1,nov_23,some,14,low,14,9:21:14 AM,NA,NA,glued,,10800,0,,,
2023-11-23,1,nov_23,some,14,medium,15,9:22:47 AM,NA,NA,glued,,10800,4,,,
2023-11-23,1,nov_23,some,14,high,15,9:22:48 AM,10:08:53 AM,10:19:27 AM,normal,2765,3399,5,y,,
2023-11-23,1,nov_23,some,14,low,15,9:22:52 AM,NA,NA,glued,,10800,2,,,
2023-11-23,1,nov_23,some,14,medium,16,9:22:52 AM,NA,NA,glued,,10800,0,,,
2023-11-23,1,nov_23,some,14,high,16,9:23:02 AM,9:33:55 AM,10:01:49 AM,normal,653,2327,1,y,,
2023-11-23,1,nov_23,some,14,low,16,9:23:03 AM,NA,NA,glued,,10800,1,,,
2023-11-23,1,nov_23,some,14,medium,17,9:24:47 AM,NA,NA,glued,,10800,0,,,
2023-11-23,1,nov_23,some,14,high,17,9:24:53 AM,,,normal,,10800,5,,,
2023-11-23,1,nov_23,some,14,low,17,9:24:53 AM,NA,NA,glued,,10800,0,,,
2023-11-23,1,nov_23,some,14,medium,18,9:24:54 AM,NA,NA,glued,,10800,1,,,
2023-11-23,1,nov_23,some,14,high,18,9:24:55 AM,,,normal,,10800,2,,,
2023-11-23,1,nov_23,some,14,low,18,9:25:19 AM,NA,NA,glued,,10800,1,,,
2023-11-23,1,nov_23,some,14,medium,19,9:25:34 AM,NA,NA,glued,,10800,0,,,
2023-11-23,1,nov_23,some,14,high,19,9:27:41 AM,,,normal,,10800,5,,,
2023-11-23,1,nov_23,some,14,low,19,9:26:47 AM,NA,NA,glued,,10800,5,,,
2023-11-23,1,nov_23,some,14,medium,20,9:26:58 AM,NA,NA,glued,,10800,5,,,
2023-11-23,1,nov_23,some,14,high,20,9:28:26 AM,,,normal,,10800,5,,,
2023-11-23,1,nov_23,some,14,low,20,9:28:27 AM,NA,NA,glued,,10800,0,,,
2023-11-25,2,nov_25,some,16,high,1,9:05:59 AM,,,normal,,10800,0,,,
2023-11-25,2,nov_25,some,16,low,1,9:06:00 AM,NA,NA,glued,,10800,5,,,
2023-11-25,2,nov_25,some,16,medium,1,9:06:56 AM,9:49:44 AM,9:59:36 AM,normal,2568,3160,4,y,,
2023-11-25,2,nov_25,some,16,high,2,9:06:42 AM,12:02:45 PM,12:22:23 PM,normal,10563,11741,5,y,,
2023-11-25,2,nov_25,some,16,low,2,9:08:54 AM,NA,NA,glued,,10800,5,,,
2023-11-25,2,nov_25,some,16,medium,2,9:08:57 AM,,,normal,,10800,0,,,
2023-11-25,2,nov_25,some,16,high,3,9:09:00 AM,9:17:14 AM,9:36:17 AM,normal,494,1637,1,y,,
2023-11-25,2,nov_25,some,16,low,3,dead,NA,NA,glued,,10800,NA,,,
2023-11-25,2,nov_25,some,16,medium,3,9:09:18 AM,,,normal,,10800,5,,,
2023-11-25,2,nov_25,some,16,high,4,9:10:11 AM,,,normal,,10800,5,,,
2023-11-25,2,nov_25,some,16,low,4,9:10:12 AM,NA,NA,glued,,10800,5,,,
2023-11-25,2,nov_25,some,16,medium,4,9:10:12 AM,11:40:40 AM,11:54:21 AM,normal,9028,9849,5,y,,
2023-11-25,2,nov_25,some,16,high,5,9:10:52 AM,,,normal,,10800,5,,,
2023-11-25,2,nov_25,some,16,low,5,9:10:52 AM,NA,NA,glued,,10800,5,,,
2023-11-25,2,nov_25,some,16,medium,5,9:10:53 AM,10:15:11 AM,10:34:26 AM,normal,3858,5013,4,y,,
2023-11-25,2,nov_25,some,16,high,6,9:13:42 AM,9:22:03 AM,9:42:46 AM,normal,501,1744,1,y,,
2023-11-25,2,nov_25,some,16,low,6,9:13:43 AM,NA,NA,glued,,10800,2,,,
2023-11-25,2,nov_25,some,16,medium,6,9:13:43 AM,11:12:35 AM,11:40:57 AM,normal,7132,8834,1,y,,
2023-11-25,2,nov_25,some,16,high,7,9:13:44 AM,9:43:01 AM,10:03:07 AM,normal,1757,2963,1,y,,
2023-11-25,2,nov_25,some,16,low,7,9:13:44 AM,NA,NA,glued,,10800,5,,,
2023-11-25,2,nov_25,some,16,medium,7,9:13:45 AM,,,normal,,10800,5,,,
2023-11-25,2,nov_25,some,16,high,8,9:14:50 AM,,,normal,,10800,5,,,
2023-11-25,2,nov_25,some,16,low,8,9:14:50 AM,NA,NA,glued,,10800,5,,,
2023-11-25,2,nov_25,some,16,medium,8,9:14:51 AM,,,normal,,10800,5,,,
2023-11-25,2,nov_25,some,16,high,9,9:16:05 AM,,,normal,,10800,5,,,
2023-11-25,2,nov_25,some,16,low,9,9:16:06 AM,NA,NA,glued,,10800,2,,,
2023-11-25,2,nov_25,some,16,medium,9,9:16:07 AM,9:39:41 AM,9:54:55 AM,normal,1414,2328,2,y,,
2023-11-25,2,nov_25,some,16,high,10,9:16:21 AM,,,normal,,10800,0,,,
2023-11-25,2,nov_25,some,16,low,10,9:20:58 AM,NA,NA,glued,,10800,2,,,
2023-11-25,2,nov_25,some,16,medium,10,9:21:15 AM,9:40:21 AM,9:54:56 AM,normal,1146,2021,1,y,,
2023-11-25,2,nov_25,some,16,high,11,9:21:28 AM,,,normal,,10800,5,,,
2023-11-25,2,nov_25,some,16,low,11,9:21:42 AM,NA,NA,glued,,10800,5,,,
2023-11-25,2,nov_25,some,16,medium,11,9:22:42 AM,,,normal,,10800,0,,,
2023-11-25,2,nov_25,some,16,high,12,9:23:25 AM,,,normal,,10800,5,,,
2023-11-25,2,nov_25,some,16,low,12,9:23:26 AM,NA,NA,glued,,10800,2,,,
2023-11-25,2,nov_25,some,16,medium,12,9:23:26 AM,9:49:53 AM,10:04:03 AM,normal,1587,2437,0,y,,
2023-11-25,2,nov_25,some,16,high,13,9:25:33 AM,9:33:34 AM,9:50:17 AM,normal,481,1484,1,y,,
2023-11-25,2,nov_25,some,16,low,13,9:25:34 AM,NA,NA,glued,,10800,2,,,
2023-11-25,2,nov_25,some,16,medium,13,9:25:35 AM,9:28:43 AM,9:45:04 AM,normal,188,1169,1,y,,
2023-11-25,2,nov_25,some,16,high,14,9:26:24 AM,9:32:05 AM,9:48:19 AM,normal,341,1315,1,y,,
2023-11-25,2,nov_25,some,16,low,14,9:26:26 AM,NA,NA,glued,,10800,1,,,
2023-11-25,2,nov_25,some,16,medium,14,9:26:34 AM,9:32:39 AM,9:43:24 AM,normal,365,1010,1,y,,
2023-11-25,2,nov_25,some,16,high,15,9:27:45 AM,9:42:09 AM,10:04:25 AM,normal,864,2200,1,y,,
2023-11-25,2,nov_25,some,16,low,15,9:27:46 AM,NA,NA,glued,,10800,1,,,
2023-11-25,2,nov_25,some,16,medium,15,9:27:47 AM,9:43:48 AM,10:00:13 AM,normal,961,1946,1,y,,
2023-11-25,2,nov_25,some,16,high,16,9:44:42 AM,,,normal,,10800,5,,,
2023-11-25,2,nov_25,some,16,low,16,9:44:45 AM,NA,NA,glued,,10800,5,,,
2023-11-25,2,nov_25,some,16,medium,16,9:44:46 AM,12:28:35 PM,12:49:56 PM,normal,9829,11110,5,y,,
2023-11-25,2,nov_25,some,16,high,17,9:56:15 AM,9:59:17 AM,10:19:40 AM,normal,182,1405,1,y,,
2023-11-25,2,nov_25,some,16,low,17,9:56:16 AM,NA,NA,glued,,10800,0,,,
2023-11-25,2,nov_25,some,16,medium,17,9:56:16 AM,10:00:50 AM,10:23:11 AM,normal,274,1615,1,y,,
2023-11-25,2,nov_25,some,16,high,18,9:56:20 AM,,,normal,,10800,5,,,
2023-11-25,2,nov_25,some,16,low,18,9:56:21 AM,NA,NA,glued,,10800,5,,,
2023-11-25,2,nov_25,some,16,medium,18,9:56:21 AM,,,normal,,10800,2,,,
2023-11-25,2,nov_25,some,16,high,19,9:57:34 AM,11:27:31 AM,11:38:05 AM,normal,5397,6031,2,y,,
2023-11-25,2,nov_25,some,16,low,19,9:56:24 AM,NA,NA,glued,,10800,5,,,
2023-11-25,2,nov_25,some,16,medium,19,9:57:35 AM,10:52:06 AM,11:07:53 AM,normal,3271,4218,3,y,,
2023-11-25,2,nov_25,some,16,high,20,9:57:35 AM,,,normal,,10800,0,,,
2023-11-25,2,nov_25,some,16,low,20,9:58:14 AM,NA,NA,glued,,10800,5,,,
2023-11-25,2,nov_25,some,16,medium,20,9:58:14 AM,,,normal,,10800,5,,,
2023-11-27,3,nov_27,some,18,low,1,8:58:10 AM,NA,NA,glued,,10800,5,,temp = 24.4,
2023-11-27,3,nov_27,some,18,medium,1,8:58:28 AM,NA,NA,glued,,10800,1,,humidity = 36%,
2023-11-27,3,nov_27,some,18,high,1,8:59:14 AM,,,normal,,10800,5,,,
2023-11-27,3,nov_27,some,18,low,2,8:59:32 AM,NA,NA,glued,,10800,5,,,
2023-11-27,3,nov_27,some,18,medium,2,8:59:45 AM,NA,NA,glued,,10800,3,,,
2023-11-27,3,nov_27,some,18,high,2,8:59:59 AM,,,normal,,10800,5,,,
2023-11-27,3,nov_27,some,18,low,3,dead,dead,dead,normal,,NA,NA,,,
2023-11-27,3,nov_27,some,18,medium,3,9:00:19 AM,NA,NA,glued,,10800,1,,,
2023-11-27,3,nov_27,some,18,high,3,9:00:32 AM,,,normal,,10800,2,,,
2023-11-27,3,nov_27,some,18,low,4,9:00:42 AM,NA,NA,glued,,10800,2,,,
2023-11-27,3,nov_27,some,18,medium,4,9:00:58 AM,NA,NA,glued,,10800,1,,,
2023-11-27,3,nov_27,some,18,high,4,9:01:14 AM,9:45:05 AM,10:05:24 AM,normal,2631,3850,4,y,,
2023-11-27,3,nov_27,some,18,low,5,9:01:48 AM,NA,NA,glued,,10800,4,,,
2023-11-27,3,nov_27,some,18,medium,5,9:02:04 AM,NA,NA,glued,,10800,5,,,
2023-11-27,3,nov_27,some,18,high,5,9:02:14 AM,10:32:03 AM,10:53:29 AM,normal,5389,6675,3,y,,
2023-11-27,3,nov_27,some,18,low,6,9:02:36 AM,NA,NA,glued,,10800,5,,,
2023-11-27,3,nov_27,some,18,medium,6,9:03:16 AM,NA,NA,glued,,10800,0,,,
2023-11-27,3,nov_27,some,18,high,6,9:02:49 AM,,,normal,,10800,5,,,
2023-11-27,3,nov_27,some,18,low,7,9:04:06 AM,NA,NA,glued,,10800,2,,,
2023-11-27,3,nov_27,some,18,medium,7,9:04:06 AM,NA,NA,glued,,10800,5,,,
2023-11-27,3,nov_27,some,18,high,7,9:04:18 AM,,,normal,,10800,4,,,
2023-11-27,3,nov_27,some,18,low,8,9:04:43 AM,NA,NA,glued,,10800,1,,,
2023-11-27,3,nov_27,some,18,medium,8,9:05:39 AM,NA,NA,glued,,10800,2,,,
2023-11-27,3,nov_27,some,18,high,8,9:06:15 AM,9:26:00 AM,9:37:39 AM,normal,1185,1884,1,y,,
2023-11-27,3,nov_27,some,18,low,9,9:07:09 AM,NA,NA,glued,,10800,0,,,
2023-11-27,3,nov_27,some,18,medium,9,9:07:17 AM,NA,NA,glued,,10800,1,,,
2023-11-27,3,nov_27,some,18,high,9,9:07:28 AM,9:36:09 AM,9:49:37 AM,normal,1721,2529,0,y,,
2023-11-27,3,nov_27,some,18,low,10,9:07:44 AM,NA,NA,glued,,10800,5,,,
2023-11-27,3,nov_27,some,18,medium,10,9:07:44 AM,NA,NA,glued,,10800,5,,,
2023-11-27,3,nov_27,some,18,high,10,9:07:51 AM,,,normal,,10800,1,,,
2023-11-27,3,nov_27,some,18,low,11,9:08:18 AM,NA,NA,glued,,10800,5,,,
2023-11-27,3,nov_27,some,18,medium,11,9:08:26 AM,NA,NA,glued,,10800,5,,,
2023-11-27,3,nov_27,some,18,high,11,9:08:38 AM,,,normal,,10800,3,,,
2023-11-27,3,nov_27,some,18,low,12,9:09:03 AM,NA,NA,glued,,10800,5,,,
2023-11-27,3,nov_27,some,18,medium,12,9:09:13 AM,NA,NA,glued,,10800,5,,,
2023-11-27,3,nov_27,some,18,high,12,9:09:28 AM,10:33:30 AM,10:50:35 AM,normal,5042,6067,5,y,,
2023-11-27,3,nov_27,some,18,low,13,9:09:45 AM,NA,NA,glued,,10800,5,,,
2023-11-27,3,nov_27,some,18,medium,13,9:09:57 AM,NA,NA,glued,,10800,5,,,
2023-11-27,3,nov_27,some,18,high,13,9:10:17 AM,,,normal,,10800,5,,,
2023-11-27,3,nov_27,some,18,low,14,9:10:26 AM,NA,NA,glued,,10800,5,,,
2023-11-27,3,nov_27,some,18,medium,14,9:10:40 AM,NA,NA,glued,,10800,3,,,
2023-11-27,3,nov_27,some,18,high,14,9:10:52 AM,,,normal,,10800,2,,,
2023-11-27,3,nov_27,some,18,low,15,9:11:12 AM,NA,NA,glued,,10800,3,,,
2023-11-27,3,nov_27,some,18,medium,15,9:11:24 AM,NA,NA,glued,,10800,0,,,
2023-11-27,3,nov_27,some,18,high,15,9:11:36 AM,11:01:15 AM,11:18:24 AM,normal,6579,7608,5,y,,
2023-11-27,3,nov_27,some,18,low,16,9:12:20 AM,NA,NA,glued,,10800,0,,,
2023-11-27,3,nov_27,some,18,medium,16,9:12:35 AM,NA,NA,glued,,10800,4,,,
2023-11-27,3,nov_27,some,18,high,16,9:12:49 AM,12:09:51 PM,12:31:35 PM,normal,10622,11926,5,y,,
2023-11-27,3,nov_27,some,18,low,17,9:13:29 AM,NA,NA,glued,,10800,0,,,
2023-11-27,3,nov_27,some,18,medium,17,9:13:29 AM,NA,NA,glued,,10800,0,,,
2023-11-27,3,nov_27,some,18,high,17,9:13:57 AM,9:36:55 AM,9:53:05 AM,normal,1378,2348,1,y,,
2023-11-27,3,nov_27,some,18,low,18,9:14:10 AM,NA,NA,glued,,10800,5,,,
2023-11-27,3,nov_27,some,18,medium,18,9:14:34 AM,NA,NA,glued,,10800,5,,,
2023-11-27,3,nov_27,some,18,high,18,9:14:54 AM,,,normal,,10800,1,,,
2023-11-27,3,nov_27,some,18,low,19,9:15:20 AM,NA,NA,glued,,10800,5,,,
2023-11-27,3,nov_27,some,18,medium,19,9:15:33 AM,NA,NA,glued,,10800,5,,,
2023-11-27,3,nov_27,some,18,high,19,9:15:59 AM,,,normal,,10800,1,,,
2023-11-27,3,nov_27,some,18,low,20,9:16:38 AM,NA,NA,glued,,10800,3,,,
2023-11-27,3,nov_27,some,18,medium,20,9:16:44 AM,NA,NA,glued,,10800,5,,,
2023-11-27,3,nov_27,some,18,high,20,9:16:55 AM,11:49:48 AM,12:03:09 PM,normal,9173,9974,5,y,,
2023-11-29,4,nov_29,all,20,medium,1,9:03:21 AM,9:41:13 AM,9:55:37 AM,normal,2272,3136,0,y,temp = 24.2,LIVE COUNT
2023-11-29,4,nov_29,all,20,high,1,9:03:52 AM,10:10:19 AM,10:28:53 AM,normal,3987,5101,5,y,humidity = 32%,38
2023-11-29,4,nov_29,all,20,low,1,9:04:04 AM,9:21:13 AM,9:41:24 AM,normal,1029,2240,1,y,,13
2023-11-29,4,nov_29,all,20,medium,2,9:04:14 AM,9:33:59 AM,9:49:34 AM,normal,1785,2720,1,y,,7
2023-11-29,4,nov_29,all,20,high,2,9:04:26 AM,,,normal,,10800,2,,,18
2023-11-29,4,nov_29,all,20,low,2,9:05:06 AM,9:15:30 AM,9:35:41 AM,normal,624,1835,1,y,,
2023-11-29,4,nov_29,all,20,medium,3,9:05:12 AM,9:49:41 AM,10:09:45 AM,normal,2669,3873,1,y,,
2023-11-29,4,nov_29,all,20,high,3,9:04:56 AM,,,normal,,10800,5,,,
2023-11-29,4,nov_29,all,20,low,3,dead,,,normal,,10800,NA,,,
2023-11-29,4,nov_29,all,20,medium,4,9:05:31 AM,11:36:13 AM,11:46:12 AM,normal,9042,9641,5,y,,
2023-11-29,4,nov_29,all,20,high,4,9:05:41 AM,12:04:58 PM,12:24:58 PM,normal,10757,11957,5,y,,
2023-11-29,4,nov_29,all,20,low,4,9:05:47 AM,,,normal,,10800,5,,,
2023-11-29,4,nov_29,all,20,medium,5,9:05:57 AM,10:18:11 AM,10:34:15 AM,normal,4334,5298,5,y,,
2023-11-29,4,nov_29,all,20,high,5,9:06:20 AM,,,normal,,10800,5,,,
2023-11-29,4,nov_29,all,20,low,5,9:06:38 AM,9:12:30 AM,9:27:19 AM,normal,352,1241,1,y,,
2023-11-29,4,nov_29,all,20,medium,6,9:06:58 AM,,,normal,,10800,5,,,
2023-11-29,4,nov_29,all,20,high,6,9:07:12 AM,,,normal,,10800,5,,,
2023-11-29,4,nov_29,all,20,low,6,9:07:44 AM,9:14:54 AM,9:33:37 AM,normal,430,1553,1,y,,
2023-11-29,4,nov_29,all,20,medium,7,9:07:44 AM,9:12:49 AM,9:33:46 AM,normal,305,1562,1,y,,
2023-11-29,4,nov_29,all,20,high,7,9:08:06 AM,,,normal,,10800,2,,,
2023-11-29,4,nov_29,all,20,low,7,9:08:29 AM,10:59:05 AM,11:17:08 AM,normal,6636,7719,5,y,,
2023-11-29,4,nov_29,all,20,medium,8,9:08:40 AM,,,normal,,10800,5,,,
2023-11-29,4,nov_29,all,20,high,8,9:08:56 AM,,,normal,,10800,5,,,
2023-11-29,4,nov_29,all,20,low,8,9:09:05 AM,9:17:18 AM,9:27:36 AM,normal,493,1111,0,y,,
2023-11-29,4,nov_29,all,20,medium,9,9:09:32 AM,,,normal,,10800,5,,,
2023-11-29,4,nov_29,all,20,high,9,9:09:54 AM,,,normal,,10800,5,,,
2023-11-29,4,nov_29,all,20,low,9,9:10:04 AM,9:13:24 AM,9:50:03 AM,normal,200,2399,1,y,"missed end time, was around 8's (low) end though",
2023-11-29,4,nov_29,all,20,medium,10,9:10:13 AM,10:25:41 AM,10:42:15 AM,normal,4528,5522,5,y,,
2023-11-29,4,nov_29,all,20,high,10,9:11:32 AM,9:20:04 AM,9:38:36 AM,normal,512,1624,0,y,,
2023-11-29,4,nov_29,all,20,low,10,9:11:58 AM,9:21:53 AM,9:43:58 AM,normal,595,1920,0,y,,
2023-11-29,4,nov_29,all,20,medium,11,9:12:19 AM,,,normal,,10800,0,,,
2023-11-29,4,nov_29,all,20,high,11,9:12:39 AM,10:33:11 AM,10:47:06 AM,normal,4832,5667,3,y,,
2023-11-29,4,nov_29,all,20,low,11,9:13:00 AM,9:20:23 AM,9:39:56 AM,normal,443,1616,0,y,,
2023-11-29,4,nov_29,all,20,medium,12,9:13:17 AM,11:36:42 AM,11:54:01 AM,normal,8605,9644,5,y,,
2023-11-29,4,nov_29,all,20,high,12,9:13:42 AM,,,normal,,10800,5,,,
2023-11-29,4,nov_29,all,20,low,12,9:13:52 AM,9:18:09 AM,9:32:53 AM,normal,257,1141,2,y,,
2023-11-29,4,nov_29,all,20,medium,13,9:14:03 AM,11:42:44 AM,11:58:21 AM,normal,8921,9858,5,y,,
2023-11-29,4,nov_29,all,20,high,13,9:14:14 AM,,,normal,,10800,5,,,
2023-11-29,4,nov_29,all,20,low,13,9:14:30 AM,9:56:14 AM,10:14:43 AM,normal,2504,3613,1,y,,
2023-11-29,4,nov_29,all,20,medium,14,9:15:08 AM,,,normal,,10800,5,,,
2023-11-29,4,nov_29,all,20,high,14,9:15:21 AM,,,normal,,10800,5,,,
2023-11-29,4,nov_29,all,20,low,14,9:15:40 AM,9:20:43 AM,9:41:46 AM,normal,303,1566,1,y,,
2023-11-29,4,nov_29,all,20,medium,15,9:16:23 AM,,,normal,,10800,1,,,
2023-11-29,4,nov_29,all,20,high,15,9:16:30 AM,,,normal,,10800,5,,,
2023-11-29,4,nov_29,all,20,low,15,9:15:55 AM,9:31:01 AM,9:50:58 AM,normal,906,2103,0,y,,
2023-11-29,4,nov_29,all,20,medium,16,9:17:00 AM,11:47:35 AM,11:58:11 AM,normal,9035,9671,5,y,,
2023-11-29,4,nov_29,all,20,high,16,9:18:27 AM,,,normal,,10800,5,,,
2023-11-29,4,nov_29,all,20,low,16,9:17:29 AM,11:54:24 AM,12:20:20 PM,normal,9415,10971,5,y,,
2023-11-29,4,nov_29,all,20,medium,17,9:18:19 AM,10:34:42 AM,10:42:22 AM,normal,4583,5043,1,y,,
2023-11-29,4,nov_29,all,20,high,17,9:17:58 AM,11:23:12 AM,11:37:00 AM,normal,7514,8342,5,y,,
2023-11-29,4,nov_29,all,20,low,17,9:18:34 AM,9:21:44 AM,9:38:58 AM,normal,190,1224,0,y,,
2023-11-29,4,nov_29,all,20,medium,18,9:19:26 AM,11:42:49 AM,11:59:32 AM,normal,8603,9606,5,y,,
2023-11-29,4,nov_29,all,20,high,18,9:19:16 AM,10:51:42 AM,11:08:40 AM,normal,5546,6564,5,y,,
2023-11-29,4,nov_29,all,20,low,18,9:19:32 AM,9:31:27 AM,9:46:09 AM,normal,715,1597,0,y,,
2023-11-29,4,nov_29,all,20,medium,19,9:19:49 AM,,,normal,,10800,5,,,
2023-11-29,4,nov_29,all,20,high,19,9:19:57 AM,,,normal,,10800,2,,,
2023-11-29,4,nov_29,all,20,low,19,9:20:17 AM,9:31:46 AM,9:49:17 AM,normal,689,1740,0,y,,
2023-11-29,4,nov_29,all,20,medium,20,9:20:35 AM,10:08:51 AM,10:29:11 AM,normal,2896,4116,2,y,,
2023-11-29,4,nov_29,all,20,high,20,9:21:00 AM,11:48:38 AM,12:04:08 PM,normal,8858,9788,5,y,,
2023-11-29,4,nov_29,all,20,low,20,9:21:08 AM,9:39:02 AM,9:55:26 AM,normal,1074,2058,0,y,,
2023-12-01,5,dec_01,some,22,high,1,8:59:00 AM,9:32:44 AM,9:53:50 AM,normal,2024,3290,2,y,,24.1 DEG c 
2023-12-01,5,dec_01,some,22,low,1,8:59:40 AM,NA,NA,glued,,10800,3,,,35% RH
2023-12-01,5,dec_01,some,22,medium,1,9:00:10 AM,NA,NA,glued,,10800,3,,,raining outside
2023-12-01,5,dec_01,some,22,high,2,9:00:36 AM,,,normal,,10800,5,,,
2023-12-01,5,dec_01,some,22,low,2,9:01:03 AM,NA,NA,glued,,10800,5,,,
2023-12-01,5,dec_01,some,22,medium,2,9:01:22 AM,NA,NA,glued,,10800,1,,,
2023-12-01,5,dec_01,some,22,high,3,9:02:03 AM,11:53:42 AM,12:16:56 PM,normal,10299,11693,2,y,,
2023-12-01,5,dec_01,some,22,low,3,dead,NA,NA,glued,,10800,NA,,,
2023-12-01,5,dec_01,some,22,medium,3,9:02:06 AM,NA,NA,glued,,10800,5,,,
2023-12-01,5,dec_01,some,22,high,4,9:02:26 AM,,,normal,,10800,5,,,
2023-12-01,5,dec_01,some,22,low,4,9:02:49 AM,NA,NA,glued,,10800,5,,,
2023-12-01,5,dec_01,some,22,medium,4,9:02:58 AM,NA,NA,glued,,10800,5,,,
2023-12-01,5,dec_01,some,22,high,5,9:03:23 AM,,,normal,,10800,1,,,
2023-12-01,5,dec_01,some,22,low,5,9:03:58 AM,NA,NA,glued,,10800,0,,,
2023-12-01,5,dec_01,some,22,medium,5,9:04:01 AM,NA,NA,glued,,10800,5,,,
2023-12-01,5,dec_01,some,22,high,6,9:04:34 AM,9:42:16 AM,10:04:53 AM,normal,2262,3619,1,y,,
2023-12-01,5,dec_01,some,22,low,6,9:05:49 AM,NA,NA,glued,,10800,0,,,
2023-12-01,5,dec_01,some,22,medium,6,9:05:51 AM,NA,NA,glued,,10800,1,,,
2023-12-01,5,dec_01,some,22,high,7,9:08:56 AM,,,normal,,10800,5,,,
2023-12-01,5,dec_01,some,22,low,7,9:07:06 AM,NA,NA,glued,,10800,5,,,
2023-12-01,5,dec_01,some,22,medium,7,9:08:57 AM,NA,NA,glued,,10800,5,,,
2023-12-01,5,dec_01,some,22,high,8,9:06:14 AM,,,normal,,10800,0,,,
2023-12-01,5,dec_01,some,22,low,8,9:07:26 AM,NA,NA,glued,,10800,3,,,
2023-12-01,5,dec_01,some,22,medium,8,9:09:21 AM,NA,NA,glued,,10800,5,,,
2023-12-01,5,dec_01,some,22,high,9,9:09:23 AM,,,normal,,10800,5,,,
2023-12-01,5,dec_01,some,22,low,9,9:10:31 AM,NA,NA,glued,,10800,5,,,
2023-12-01,5,dec_01,some,22,medium,9,9:10:32 AM,NA,NA,glued,,10800,5,,,
2023-12-01,5,dec_01,some,22,high,10,9:11:03 AM,,,normal,,10800,3,,,
2023-12-01,5,dec_01,some,22,low,10,9:11:39 AM,NA,NA,glued,,10800,5,,,
2023-12-01,5,dec_01,some,22,medium,10,9:11:41 AM,NA,NA,glued,,10800,5,,,
2023-12-01,5,dec_01,some,22,high,11,9:12:57 AM,,,normal,,10800,0,,,
2023-12-01,5,dec_01,some,22,low,11,9:14:00 AM,NA,NA,glued,,10800,1,,,
2023-12-01,5,dec_01,some,22,medium,11,9:14:01 AM,NA,NA,glued,,10800,5,,,
2023-12-01,5,dec_01,some,22,high,12,9:14:19 AM,,,normal,,10800,0,,,
2023-12-01,5,dec_01,some,22,low,12,9:15:05 AM,NA,NA,glued,,10800,4,,,
2023-12-01,5,dec_01,some,22,medium,12,9:15:06 AM,NA,NA,glued,,10800,0,,,
2023-12-01,5,dec_01,some,22,high,13,9:16:17 AM,,,normal,,10800,0,,,
2023-12-01,5,dec_01,some,22,low,13,9:16:43 AM,NA,NA,glued,,10800,5,,,
2023-12-01,5,dec_01,some,22,medium,13,9:16:44 AM,NA,NA,glued,,10800,5,,,
2023-12-01,5,dec_01,some,22,high,14,9:17:23 AM,10:41:41 AM,10:56:13 AM,normal,5058,5930,1,y,,
2023-12-01,5,dec_01,some,22,low,14,9:18:39 AM,NA,NA,glued,,10800,0,,,
2023-12-01,5,dec_01,some,22,medium,14,9:18:41 AM,NA,NA,glued,,10800,1,,,
2023-12-01,5,dec_01,some,22,high,15,9:19:11 AM,,,normal,,10800,1,,,
2023-12-01,5,dec_01,some,22,low,15,9:19:12 AM,NA,NA,glued,,10800,2,,,
2023-12-01,5,dec_01,some,22,medium,15,9:19:13 AM,NA,NA,glued,,10800,0,,,
2023-12-01,5,dec_01,some,22,high,16,9:20:01 AM,,,normal,,10800,5,,,
2023-12-01,5,dec_01,some,22,low,16,9:20:02 AM,NA,NA,glued,,10800,3,,,
2023-12-01,5,dec_01,some,22,medium,16,9:20:02 AM,NA,NA,glued,,10800,5,,,
2023-12-01,5,dec_01,some,22,high,17,9:21:18 AM,,,normal,,10800,1,,,
2023-12-01,5,dec_01,some,22,low,17,9:21:19 AM,NA,NA,glued,,10800,5,,,
2023-12-01,5,dec_01,some,22,medium,17,9:21:20 AM,NA,NA,glued,,10800,5,,,
2023-12-01,5,dec_01,some,22,high,18,9:22:36 AM,11:09:37 AM,11:24:25 AM,normal,6421,7309,3,y,,
2023-12-01,5,dec_01,some,22,low,18,9:22:37 AM,NA,NA,glued,,10800,5,,,
2023-12-01,5,dec_01,some,22,medium,18,9:22:38 AM,NA,NA,glued,,10800,5,,,
2023-12-01,5,dec_01,some,22,high,19,9:23:21 AM,,,normal,,10800,5,,,
2023-12-01,5,dec_01,some,22,low,19,9:23:59 AM,NA,NA,glued,,10800,5,,,
2023-12-01,5,dec_01,some,22,medium,19,9:24:01 AM,NA,NA,glued,,10800,5,,,
2023-12-01,5,dec_01,some,22,high,20,9:25:37 AM,,,normal,,10800,0,,,
2023-12-01,5,dec_01,some,22,low,20,9:25:38 AM,NA,NA,glued,,10800,5,,,
2023-12-01,5,dec_01,some,22,medium,20,9:25:38 AM,NA,NA,glued,,10800,5,,,
2023-12-03,6,dec_03,some,24,low,1,8:59:34 AM,NA,NA,glued,,10800,5,,24.1 degrees,LIVE COUNT
2023-12-03,6,dec_03,some,24,medium,1,9:00:00 AM,10:37:08 AM,10:50:26 AM,normal,5828,6626,0,y,36% RH,17
2023-12-03,6,dec_03,some,24,high,1,9:00:06 AM,11:13:01 AM,11:31:35 AM,normal,7975,9089,5,y,,0
2023-12-03,6,dec_03,some,24,low,2,9:00:15 AM,NA,NA,glued,,10800,5,,,11
2023-12-03,6,dec_03,some,24,medium,2,9:00:40 AM,9:43:03 AM,10:00:44 AM,normal,2543,3604,2,y,,6
2023-12-03,6,dec_03,some,24,high,2,9:00:50 AM,,,normal,,10800,4,,,
2023-12-03,6,dec_03,some,24,low,3,dead,dead,dead,normal,,NA,NA,,,
2023-12-03,6,dec_03,some,24,medium,3,9:01:03 AM,9:24:08 AM,9:37:43 AM,normal,1385,2200,1,y,,
2023-12-03,6,dec_03,some,24,high,3,9:01:10 AM,,,normal,,10800,5,,,
2023-12-03,6,dec_03,some,24,low,4,9:01:25 AM,NA,NA,glued,,10800,5,,,
2023-12-03,6,dec_03,some,24,medium,4,9:01:42 AM,,,normal,,10800,1,,,
2023-12-03,6,dec_03,some,24,high,4,9:02:03 AM,11:41:44 AM,11:51:59 AM,normal,9581,10196,5,y,,
2023-12-03,6,dec_03,some,24,low,5,dead,dead,dead,normal,,NA,NA,,,
2023-12-03,6,dec_03,some,24,medium,5,9:02:19 AM,10:50:37 AM,11:19:03 AM,normal,6498,8204,5,y,,
2023-12-03,6,dec_03,some,24,high,5,9:02:31 AM,,,normal,,10800,0,,,
2023-12-03,6,dec_03,some,24,low,6,9:02:55 AM,NA,NA,glued,,10800,5,,,
2023-12-03,6,dec_03,some,24,medium,6,9:03:05 AM,,,normal,,10800,5,,,
2023-12-03,6,dec_03,some,24,high,6,9:03:21 AM,,,normal,,10800,5,,,
2023-12-03,6,dec_03,some,24,low,7,9:03:28 AM,NA,NA,glued,,10800,2,,,
2023-12-03,6,dec_03,some,24,medium,7,9:04:08 AM,9:09:43 AM,9:31:45 AM,normal,335,1657,1,y,,
2023-12-03,6,dec_03,some,24,high,7,9:04:57 AM,,,normal,,10800,5,,,
2023-12-03,6,dec_03,some,24,low,8,9:04:37 AM,NA,NA,glued,,10800,4,,,
2023-12-03,6,dec_03,some,24,medium,8,9:05:27 AM,9:24:28 AM,9:48:07 AM,normal,1141,2560,1,y,,
2023-12-03,6,dec_03,some,24,high,8,9:05:48 AM,,,normal,,10800,5,,,
2023-12-03,6,dec_03,some,24,low,9,9:06:12 AM,NA,NA,glued,,10800,5,,,
2023-12-03,6,dec_03,some,24,medium,9,9:06:53 AM,10:49:35 AM,11:03:32 AM,normal,6162,6999,5,y,,
2023-12-03,6,dec_03,some,24,high,9,9:07:07 AM,,,normal,,10800,3,,,
2023-12-03,6,dec_03,some,24,low,10,9:07:15 AM,NA,NA,glued,,10800,5,,,
2023-12-03,6,dec_03,some,24,medium,10,9:08:14 AM,,,normal,,10800,5,,,
2023-12-03,6,dec_03,some,24,high,10,9:08:14 AM,,,normal,,10800,3,,,
2023-12-03,6,dec_03,some,24,low,11,9:08:29 AM,NA,NA,glued,,10800,0,,,
2023-12-03,6,dec_03,some,24,medium,11,9:08:44 AM,9:22:52 AM,9:42:48 AM,normal,848,2044,0,y,,
2023-12-03,6,dec_03,some,24,high,11,9:08:57 AM,,,normal,,10800,1,,,
2023-12-03,6,dec_03,some,24,low,12,9:09:12 AM,NA,NA,glued,,10800,5,,,
2023-12-03,6,dec_03,some,24,medium,12,9:09:26 AM,,,normal,,10800,2,,,
2023-12-03,6,dec_03,some,24,high,12,9:10:04 AM,11:04:19 AM,11:20:45 AM,normal,6855,7841,1,y,,
2023-12-03,6,dec_03,some,24,low,13,9:10:17 AM,NA,NA,glued,,10800,0,,,
2023-12-03,6,dec_03,some,24,medium,13,9:10:41 AM,,,normal,,10800,5,,,
2023-12-03,6,dec_03,some,24,high,13,9:10:54 AM,9:20:44 AM,9:35:20 AM,normal,590,1466,1,y,,
2023-12-03,6,dec_03,some,24,low,14,9:11:36 AM,NA,NA,glued,,10800,1,,,
2023-12-03,6,dec_03,some,24,medium,14,9:11:50 AM,9:40:41 AM,10:01:29 AM,normal,1731,2979,1,y,,
2023-12-03,6,dec_03,some,24,high,14,9:12:04 AM,,,normal,,10800,5,,,
2023-12-03,6,dec_03,some,24,low,15,9:12:18 AM,NA,NA,glued,,10800,5,,,
2023-12-03,6,dec_03,some,24,medium,15,9:12:31 AM,11:51:51 AM,12:04:33 PM,normal,9560,10322,1,y,,
2023-12-03,6,dec_03,some,24,high,15,9:12:54 AM,11:08:48 AM,11:30:44 AM,normal,6954,8270,5,y,,
2023-12-03,6,dec_03,some,24,low,16,9:13:06 AM,NA,NA,glued,,10800,0,,,
2023-12-03,6,dec_03,some,24,medium,16,9:13:59 AM,,,normal,,10800,5,,,
2023-12-03,6,dec_03,some,24,high,16,9:14:06 AM,11:04:10 AM,11:20:39 AM,normal,6604,7593,5,y,,
2023-12-03,6,dec_03,some,24,low,17,9:14:23 AM,NA,NA,glued,,10800,5,,,
2023-12-03,6,dec_03,some,24,medium,17,9:14:34 AM,10:48:49 AM,11:11:30 AM,normal,5655,7016,0,y,,
2023-12-03,6,dec_03,some,24,high,17,9:15:11 AM,,,normal,,10800,0,,,
2023-12-03,6,dec_03,some,24,low,18,9:15:25 AM,NA,NA,glued,,10800,5,,,
2023-12-03,6,dec_03,some,24,medium,18,9:15:51 AM,,,normal,,10800,5,,,
2023-12-03,6,dec_03,some,24,high,18,9:16:04 AM,,,normal,,10800,0,,,
2023-12-03,6,dec_03,some,24,low,19,9:16:18 AM,NA,NA,glued,,10800,5,,,
2023-12-03,6,dec_03,some,24,medium,19,9:16:30 AM,,,normal,,10800,5,,,
2023-12-03,6,dec_03,some,24,high,19,9:16:43 AM,,,normal,,10800,5,,,
2023-12-03,6,dec_03,some,24,low,20,9:16:57 AM,NA,NA,glued,,10800,5,,,
2023-12-03,6,dec_03,some,24,medium,20,9:17:14 AM,,,normal,,10800,5,,,
2023-12-03,6,dec_03,some,24,high,20,9:17:53 AM,,,normal,,10800,3,,,
2023-12-05,7,dec_05,some,26,medium,1,8:58:56 AM,NA,NA,glued,,10800,5,,24.5 degC,LIVE COUNT
2023-12-05,7,dec_05,some,26,high,1,8:59:11 AM,,,normal,,10800,5,,35% RH,6
2023-12-05,7,dec_05,some,26,low,1,8:59:22 AM,NA,NA,glued,,10800,4,,,
2023-12-05,7,dec_05,some,26,medium,2,8:59:36 AM,NA,NA,glued,,10800,5,,,
2023-12-05,7,dec_05,some,26,high,2,8:59:52 AM,,,normal,,10800,5,,,
2023-12-05,7,dec_05,some,26,low,2,9:00:04 AM,NA,NA,glued,,10800,2,,,
2023-12-05,7,dec_05,some,26,medium,3,9:00:20 AM,NA,NA,glued,,10800,5,,,
2023-12-05,7,dec_05,some,26,high,3,9:00:36 AM,,,normal,,10800,0,,,
2023-12-05,7,dec_05,some,26,low,3,dead,NA,NA,glued,,10800,NA,,,
2023-12-05,7,dec_05,some,26,medium,4,9:00:55 AM,NA,NA,glued,,10800,2,,,
2023-12-05,7,dec_05,some,26,high,4,9:01:07 AM,,,normal,,10800,5,,,
2023-12-05,7,dec_05,some,26,low,4,9:01:17 AM,NA,NA,glued,,10800,1,,,
2023-12-05,7,dec_05,some,26,medium,5,9:01:27 AM,NA,NA,glued,,10800,1,,,
2023-12-05,7,dec_05,some,26,high,5,9:01:36 AM,9:12:30 AM,9:26:56 AM,normal,654,1520,0,y,,
2023-12-05,7,dec_05,some,26,low,5,dead,NA,NA,glued,,10800,NA,,,
2023-12-05,7,dec_05,some,26,medium,6,9:01:47 AM,NA,NA,glued,,10800,0,,,
2023-12-05,7,dec_05,some,26,high,6,9:01:57 AM,9:15:43 AM,9:33:22 AM,normal,826,1885,0,y,,
2023-12-05,7,dec_05,some,26,low,6,9:02:14 AM,NA,NA,glued,,10800,2,,,
2023-12-05,7,dec_05,some,26,medium,7,9:02:47 AM,NA,NA,glued,,10800,0,,,
2023-12-05,7,dec_05,some,26,high,7,9:03:02 AM,9:12:24 AM,9:28:55 AM,normal,562,1553,0,y,,
2023-12-05,7,dec_05,some,26,low,7,9:03:18 AM,NA,NA,glued,,10800,0,,,
2023-12-05,7,dec_05,some,26,medium,8,9:03:40 AM,NA,NA,glued,,10800,5,,,
2023-12-05,7,dec_05,some,26,high,8,9:03:53 AM,,,normal,,10800,5,,,
2023-12-05,7,dec_05,some,26,low,8,9:04:14 AM,NA,NA,glued,,10800,3,,glued male managed to mate x2,
2023-12-05,7,dec_05,some,26,medium,9,9:04:27 AM,NA,NA,glued,,10800,3,,,
2023-12-05,7,dec_05,some,26,high,9,9:04:55 AM,,,normal,,10800,4,,,
2023-12-05,7,dec_05,some,26,low,9,9:05:11 AM,NA,NA,glued,,10800,5,,,
2023-12-05,7,dec_05,some,26,medium,10,9:05:22 AM,NA,NA,glued,,10800,5,,,
2023-12-05,7,dec_05,some,26,high,10,9:05:32 AM,11:10:37 AM,11:25:10 AM,normal,7505,8378,5,y,,
2023-12-05,7,dec_05,some,26,low,10,9:05:42 AM,NA,NA,glued,,10800,5,,,
2023-12-05,7,dec_05,some,26,medium,11,9:06:09 AM,NA,NA,glued,,10800,5,,,
2023-12-05,7,dec_05,some,26,high,11,9:07:34 AM,,,normal,,10800,5,,,
2023-12-05,7,dec_05,some,26,low,11,9:07:46 AM,NA,NA,glued,,10800,0,,,
2023-12-05,7,dec_05,some,26,medium,12,9:07:03 AM,NA,NA,glued,,10800,0,,,
2023-12-05,7,dec_05,some,26,high,12,9:08:06 AM,,,normal,,10800,5,,,
2023-12-05,7,dec_05,some,26,low,12,9:08:33 AM,NA,NA,glued,,10800,1,,,
2023-12-05,7,dec_05,some,26,medium,13,9:09:41 AM,NA,NA,glued,,10800,5,,,
2023-12-05,7,dec_05,some,26,high,13,9:09:57 AM,,,normal,,10800,5,,,
2023-12-05,7,dec_05,some,26,low,13,9:10:08 AM,NA,NA,glued,,10800,3,,,
2023-12-05,7,dec_05,some,26,medium,14,9:10:19 AM,NA,NA,glued,,10800,0,,,
2023-12-05,7,dec_05,some,26,high,14,9:10:32 AM,,,normal,,10800,5,,,
2023-12-05,7,dec_05,some,26,low,14,9:10:48 AM,NA,NA,glued,,10800,5,,,
2023-12-05,7,dec_05,some,26,medium,15,9:11:02 AM,NA,NA,glued,,10800,5,,,
2023-12-05,7,dec_05,some,26,high,15,9:11:15 AM,,,normal,,10800,0,,,
2023-12-05,7,dec_05,some,26,low,15,9:11:35 AM,NA,NA,glued,,10800,5,,,
2023-12-05,7,dec_05,some,26,medium,16,9:11:47 AM,NA,NA,glued,,10800,5,,,
2023-12-05,7,dec_05,some,26,high,16,9:11:55 AM,,,normal,,10800,5,,,
2023-12-05,7,dec_05,some,26,low,16,9:12:46 AM,NA,NA,glued,,10800,5,,,
2023-12-05,7,dec_05,some,26,medium,17,9:13:15 AM,NA,NA,glued,,10800,2,,,
2023-12-05,7,dec_05,some,26,high,17,9:13:31 AM,9:50:29 AM,10:11:56 AM,normal,2218,3505,0,y,,
2023-12-05,7,dec_05,some,26,low,17,9:13:44 AM,NA,NA,glued,,10800,4,,,
2023-12-05,7,dec_05,some,26,medium,18,dead,NA,NA,glued,,10800,NA,,,
2023-12-05,7,dec_05,some,26,high,18,9:14:38 AM,,,normal,,10800,3,,,
2023-12-05,7,dec_05,some,26,low,18,9:14:49 AM,NA,NA,glued,,10800,5,,,
2023-12-05,7,dec_05,some,26,medium,19,9:15:05 AM,NA,NA,glued,,10800,5,,,
2023-12-05,7,dec_05,some,26,high,19,9:15:17 AM,11:05:12 AM,11:25:13 AM,normal,6595,7796,1,y,,
2023-12-05,7,dec_05,some,26,low,19,9:15:36 AM,NA,NA,glued,,10800,5,,,
2023-12-05,7,dec_05,some,26,medium,20,9:15:57 AM,NA,NA,glued,,10800,0,,glued male mated at 9:53,
2023-12-05,7,dec_05,some,26,high,20,9:16:04 AM,,,normal,,10800,5,,,
2023-12-05,7,dec_05,some,26,low,20,9:16:15 AM,NA,NA,glued,,10800,5,,,
2023-12-07,8,dec_07,all,28,high,1,10:17:45 AM,,,normal,,10800,5,,,LIVE COUNT
2023-12-07,8,dec_07,all,28,low,1,10:18:10 AM,,,normal,,10800,5,,,30
2023-12-07,8,dec_07,all,28,medium,1,10:18:10 AM,10:31:16 AM,10:52:17 AM,normal,786,2047,1,y,,7
2023-12-07,8,dec_07,all,28,high,2,10:18:50 AM,11:34:28 AM,11:53:58 AM,normal,4538,5708,1,y,,14
2023-12-07,8,dec_07,all,28,low,2,10:18:52 AM,,,normal,,10800,5,,,9
2023-12-07,8,dec_07,all,28,medium,2,10:18:52 AM,11:35:02 AM,11:59:58 AM,normal,4570,6066,2,y,,
2023-12-07,8,dec_07,all,28,high,3,10:19:23 AM,,,normal,,10800,5,,,
2023-12-07,8,dec_07,all,28,low,3,dead,,,normal,,10800,NA,,,
2023-12-07,8,dec_07,all,28,medium,3,10:19:24 AM,,,normal,,10800,5,,,
2023-12-07,8,dec_07,all,28,high,4,10:19:56 AM,1:01:36 PM,1:20:35 PM,normal,9700,10839,5,y,,
2023-12-07,8,dec_07,all,28,low,4,10:19:57 AM,10:24:10 AM,10:42:59 AM,normal,253,1382,2,y,,
2023-12-07,8,dec_07,all,28,medium,4,10:19:57 AM,,,normal,,10800,5,,,
2023-12-07,8,dec_07,all,28,high,5,10:20:50 AM,,,normal,,10800,5,,,
2023-12-07,8,dec_07,all,28,low,5,dead,,,normal,,10800,NA,,,
2023-12-07,8,dec_07,all,28,medium,5,10:20:53 AM,,,normal,,10800,5,,,
2023-12-07,8,dec_07,all,28,high,6,10:21:32 AM,,,normal,,10800,5,,,
2023-12-07,8,dec_07,all,28,low,6,10:21:34 AM,10:40:05 AM,10:56:32 AM,normal,1111,2098,1,y,,
2023-12-07,8,dec_07,all,28,medium,6,10:21:35 AM,12:55:26 PM,1:11:40 PM,normal,9231,10205,5,y,,
2023-12-07,8,dec_07,all,28,high,7,10:21:59 AM,,,normal,,10800,5,,,
2023-12-07,8,dec_07,all,28,low,7,10:22:00 AM,10:44:54 AM,11:06:12 AM,normal,1374,2652,1,y,,
2023-12-07,8,dec_07,all,28,medium,7,10:22:04 AM,,,normal,,10800,5,,,
2023-12-07,8,dec_07,all,28,high,8,10:22:39 AM,11:25:31 AM,11:42:11 AM,normal,3772,4772,4,y,,
2023-12-07,8,dec_07,all,28,low,8,10:22:40 AM,,,normal,,10800,5,,,
2023-12-07,8,dec_07,all,28,medium,8,10:22:41 AM,,,normal,,10800,5,,,
2023-12-07,8,dec_07,all,28,high,9,10:23:18 AM,,,normal,,10800,5,,,
2023-12-07,8,dec_07,all,28,low,9,10:23:19 AM,10:32:47 AM,10:45:09 AM,normal,568,1310,2,y,,
2023-12-07,8,dec_07,all,28,medium,9,10:23:20 AM,,,normal,,10800,5,,,
2023-12-07,8,dec_07,all,28,high,10,10:23:39 AM,,,normal,,10800,5,,,
2023-12-07,8,dec_07,all,28,low,10,10:23:40 AM,10:36:58 AM,10:50:24 AM,normal,798,1604,2,y,,
2023-12-07,8,dec_07,all,28,medium,10,10:25:02 AM,10:48:56 AM,11:05:40 AM,normal,1434,2438,2,y,,
2023-12-07,8,dec_07,all,28,high,11,10:25:03 AM,10:29:24 AM,10:42:35 AM,normal,261,1052,1,y,,
2023-12-07,8,dec_07,all,28,low,11,10:25:04 AM,1:12:04 PM,1:29:53 PM,normal,10020,11089,5,y,,
2023-12-07,8,dec_07,all,28,medium,11,10:25:05 AM,,,normal,,10800,1,,,
2023-12-07,8,dec_07,all,28,high,12,10:25:06 AM,12:32:46 PM,12:46:18 PM,normal,7660,8472,5,y,,
2023-12-07,8,dec_07,all,28,low,12,10:25:07 AM,10:45:32 AM,10:55:34 AM,normal,1225,1827,0,y,,
2023-12-07,8,dec_07,all,28,medium,12,10:25:11 AM,11:12:26 AM,11:50:31 AM,normal,2835,5120,4,y,,
2023-12-07,8,dec_07,all,28,high,13,10:25:29 AM,,,normal,,10800,5,,,
2023-12-07,8,dec_07,all,28,low,13,10:25:47 AM,,,normal,,10800,4,,,
2023-12-07,8,dec_07,all,28,medium,13,10:25:49 AM,12:12:46 PM,12:29:28 PM,normal,6417,7419,5,y,,
2023-12-07,8,dec_07,all,28,high,14,10:25:58 AM,,,normal,,10800,3,,,
2023-12-07,8,dec_07,all,28,low,14,10:26:17 AM,1:12:11 PM,1:34:11 PM,normal,9954,11274,5,y,,
2023-12-07,8,dec_07,all,28,medium,14,10:26:18 AM,,,normal,,10800,5,,,
2023-12-07,8,dec_07,all,28,high,15,10:26:58 AM,12:24:17 PM,12:34:58 PM,normal,7039,7680,5,y,,
2023-12-07,8,dec_07,all,28,low,15,10:26:58 AM,11:02:19 AM,11:22:04 AM,normal,2121,3306,1,y,,
2023-12-07,8,dec_07,all,28,medium,15,10:27:35 AM,,,normal,,10800,5,,,
2023-12-07,8,dec_07,all,28,high,16,10:27:36 AM,,,normal,,10800,4,,,
2023-12-07,8,dec_07,all,28,low,16,10:27:37 AM,11:07:09 AM,11:33:25 AM,normal,2372,3948,2,y,,
2023-12-07,8,dec_07,all,28,medium,16,10:27:47 AM,10:34:21 AM,10:59:28 AM,normal,394,1901,1,y,,
2023-12-07,8,dec_07,all,28,high,17,10:28:34 AM,,,normal,,10800,1,,,
2023-12-07,8,dec_07,all,28,low,17,10:28:37 AM,12:53:31 PM,1:12:52 PM,normal,8694,9855,5,y,,
2023-12-07,8,dec_07,all,28,medium,17,10:28:37 AM,,,normal,,10800,5,,,
2023-12-07,8,dec_07,all,28,high,18,10:28:50 AM,12:58:43 PM,1:16:18 PM,normal,8993,10048,5,y,,
2023-12-07,8,dec_07,all,28,low,18,10:28:51 AM,10:34:49 AM,10:54:46 AM,normal,358,1555,1,y,,
2023-12-07,8,dec_07,all,28,medium,18,dead,,,normal,,10800,NA,,,
2023-12-07,8,dec_07,all,28,high,19,10:30:35 AM,,,normal,,10800,5,,,
2023-12-07,8,dec_07,all,28,low,19,10:30:36 AM,10:35:03 AM,10:54:55 AM,normal,267,1459,1,y,,
2023-12-07,8,dec_07,all,28,medium,19,10:30:37 AM,10:43:56 AM,10:55:02 AM,normal,799,1465,1,y,,
2023-12-07,8,dec_07,all,28,high,20,10:30:37 AM,,,normal,,10800,5,,,
2023-12-07,8,dec_07,all,28,low,20,10:30:38 AM,10:35:18 AM,10:49:35 AM,normal,280,1137,1,y,,
2023-12-07,8,dec_07,all,28,medium,20,10:30:38 AM,10:44:06 AM,11:01:50 AM,normal,808,1872,1,y,,
2023-12-09,9,dec_09,some,30,low,1,9:10:23 AM,NA,NA,glued,,10800,5,,,24.1 deg C 
2023-12-09,9,dec_09,some,30,medium,1,9:10:24 AM,NA,NA,glued,,10800,5,,,36% RH
2023-12-09,9,dec_09,some,30,high,1,9:10:44 AM,,,normal,,10800,0,,,
2023-12-09,9,dec_09,some,30,low,2,9:11:59 AM,NA,NA,glued,,10800,2,,,
2023-12-09,9,dec_09,some,30,medium,2,9:12:00 AM,NA,NA,glued,,10800,5,,,
2023-12-09,9,dec_09,some,30,high,2,9:12:00 AM,,,normal,,10800,4,,,
2023-12-09,9,dec_09,some,30,low,3,dead,NA,NA,glued,,10800,NA,,,
2023-12-09,9,dec_09,some,30,medium,3,9:12:38 AM,NA,NA,glued,,10800,1,,,
2023-12-09,9,dec_09,some,30,high,3,9:13:06 AM,9:27:59 AM,9:48:44 AM,normal,893,2138,0,y,,
2023-12-09,9,dec_09,some,30,low,4,9:14:36 AM,NA,NA,glued,,10800,5,,,
2023-12-09,9,dec_09,some,30,medium,4,9:14:37 AM,NA,NA,glued,,10800,5,,,
2023-12-09,9,dec_09,some,30,high,4,9:14:37 AM,,,normal,,10800,5,,,
2023-12-09,9,dec_09,some,30,low,5,9:14:38 AM,NA,NA,glued,,10800,2,,,
2023-12-09,9,dec_09,some,30,medium,5,9:15:34 AM,NA,NA,glued,,10800,0,,,
2023-12-09,9,dec_09,some,30,high,5,9:15:35 AM,9:31:36 AM,9:53:29 AM,normal,961,2274,0,y,,
2023-12-09,9,dec_09,some,30,low,6,9:15:37 AM,NA,NA,glued,,10800,5,,,
2023-12-09,9,dec_09,some,30,medium,6,9:15:39 AM,NA,NA,glued,,10800,3,,,
2023-12-09,9,dec_09,some,30,high,6,9:16:13 AM,,,normal,,10800,1,,,
2023-12-09,9,dec_09,some,30,low,7,9:17:04 AM,NA,NA,glued,,10800,5,,,
2023-12-09,9,dec_09,some,30,medium,7,9:17:05 AM,NA,NA,glued,,10800,5,,,
2023-12-09,9,dec_09,some,30,high,7,9:17:27 AM,,,normal,,10800,0,,,
2023-12-09,9,dec_09,some,30,low,8,9:18:00 AM,NA,NA,glued,,10800,0,,,
2023-12-09,9,dec_09,some,30,medium,8,9:18:00 AM,NA,NA,glued,,10800,3,,,
2023-12-09,9,dec_09,some,30,high,8,9:18:01 AM,,,normal,,10800,1,,,
2023-12-09,9,dec_09,some,30,low,9,9:19:09 AM,NA,NA,glued,,10800,5,,,
2023-12-09,9,dec_09,some,30,medium,9,9:19:10 AM,NA,NA,glued,,10800,4,,,
2023-12-09,9,dec_09,some,30,high,9,9:19:11 AM,,,normal,,10800,5,,,
2023-12-09,9,dec_09,some,30,low,10,9:19:37 AM,NA,NA,glued,,10800,4,,,
2023-12-09,9,dec_09,some,30,medium,10,9:20:32 AM,NA,NA,glued,,10800,5,,,
2023-12-09,9,dec_09,some,30,high,10,9:20:34 AM,,,normal,,10800,0,,,
2023-12-09,9,dec_09,some,30,low,11,9:20:37 AM,NA,NA,glued,,10800,4,,,
2023-12-09,9,dec_09,some,30,medium,11,9:21:36 AM,NA,NA,glued,,10800,3,,,
2023-12-09,9,dec_09,some,30,high,11,9:21:38 AM,,,normal,,10800,1,,,
2023-12-09,9,dec_09,some,30,low,12,9:23:06 AM,NA,NA,glued,,10800,0,,,
2023-12-09,9,dec_09,some,30,medium,12,9:23:08 AM,NA,NA,glued,,10800,1,,,
2023-12-09,9,dec_09,some,30,high,12,9:23:32 AM,,,normal,,10800,0,,,
2023-12-09,9,dec_09,some,30,low,13,9:23:54 AM,NA,NA,glued,,10800,5,,,
2023-12-09,9,dec_09,some,30,medium,13,9:26:21 AM,NA,NA,glued,,10800,1,,,
2023-12-09,9,dec_09,some,30,high,13,9:26:22 AM,11:58:52 AM,12:19:03 PM,normal,9150,10361,5,y,,
2023-12-09,9,dec_09,some,30,low,14,9:26:23 AM,NA,NA,glued,,10800,0,,,
2023-12-09,9,dec_09,some,30,medium,14,9:26:24 AM,NA,NA,glued,,10800,0,,,
2023-12-09,9,dec_09,some,30,high,14,9:26:25 AM,9:38:35 AM,9:53:43 AM,normal,730,1638,1,y,,
2023-12-09,9,dec_09,some,30,low,15,9:26:26 AM,NA,NA,glued,,10800,2,,,
2023-12-09,9,dec_09,some,30,medium,15,9:26:27 AM,NA,NA,glued,,10800,1,,,
2023-12-09,9,dec_09,some,30,high,15,9:26:28 AM,9:44:53 AM,10:06:33 AM,normal,1105,2405,1,y,,
2023-12-09,9,dec_09,some,30,low,16,9:27:33 AM,NA,NA,glued,,10800,2,,,
2023-12-09,9,dec_09,some,30,medium,16,9:27:34 AM,NA,NA,glued,,10800,0,,,
2023-12-09,9,dec_09,some,30,high,16,9:27:35 AM,,,normal,,10800,5,,,
2023-12-09,9,dec_09,some,30,low,17,9:28:39 AM,NA,NA,glued,,10800,5,,,
2023-12-09,9,dec_09,some,30,medium,17,9:29:32 AM,NA,NA,glued,,10800,5,,,
2023-12-09,9,dec_09,some,30,high,17,9:29:32 AM,,,normal,,10800,5,,,
2023-12-09,9,dec_09,some,30,low,18,9:29:33 AM,NA,NA,glued,,10800,5,,,
2023-12-09,9,dec_09,some,30,medium,18,dead,NA,NA,glued,,10800,NA,,,
2023-12-09,9,dec_09,some,30,high,18,9:29:51 AM,,,normal,,10800,4,,,
2023-12-09,9,dec_09,some,30,low,19,9:30:22 AM,NA,NA,glued,,10800,5,,,
2023-12-09,9,dec_09,some,30,medium,19,9:30:22 AM,NA,NA,glued,,10800,4,,,
2023-12-09,9,dec_09,some,30,high,19,9:30:36 AM,,,normal,,10800,0,,,
2023-12-09,9,dec_09,some,30,low,20,9:31:07 AM,NA,NA,glued,,10800,5,,,
2023-12-09,9,dec_09,some,30,medium,20,9:31:08 AM,NA,NA,glued,,10800,5,,,
2023-12-09,9,dec_09,some,30,high,20,9:31:08 AM,,,normal,,10800,1,,,
2023-12-11,10,dec_11,some,32,medium,1,9:03:46 AM,9:08:51 AM,9:21:13 AM,normal,305,1047,0,y,,LIVE COUNT
2023-12-11,10,dec_11,some,32,high,1,9:04:06 AM,,,normal,,10800,0,,,11
2023-12-11,10,dec_11,some,32,low,1,9:04:27 AM,NA,NA,glued,,10800,0,,,5
2023-12-11,10,dec_11,some,32,medium,2,9:04:54 AM,,,normal,,10800,1,,,6
2023-12-11,10,dec_11,some,32,high,2,9:05:03 AM,,,normal,,10800,5,,,0
2023-12-11,10,dec_11,some,32,low,2,9:05:13 AM,NA,NA,glued,,10800,5,,,
2023-12-11,10,dec_11,some,32,medium,3,9:05:57 AM,,,normal,,10800,5,,,
2023-12-11,10,dec_11,some,32,high,3,9:06:11 AM,,,normal,,10800,0,,,
2023-12-11,10,dec_11,some,32,low,3,dead,NA,NA,glued,,10800,NA,,,
2023-12-11,10,dec_11,some,32,medium,4,9:06:29 AM,9:23:35 AM,9:39:01 AM,normal,1026,1952,1,y,,
2023-12-11,10,dec_11,some,32,high,4,9:07:18 AM,11:34:00 AM,11:51:56 AM,normal,8802,9878,5,y,,
2023-12-11,10,dec_11,some,32,low,4,9:06:21 AM,NA,NA,glued,,10800,4,,,
2023-12-11,10,dec_11,some,32,medium,5,dead,,,normal,,10800,NA,,,
2023-12-11,10,dec_11,some,32,high,5,9:07:50 AM,,,normal,,10800,0,,,
2023-12-11,10,dec_11,some,32,low,5,dead,NA,NA,glued,,10800,NA,,,
2023-12-11,10,dec_11,some,32,medium,6,9:08:19 AM,,,normal,,10800,0,,,
2023-12-11,10,dec_11,some,32,high,6,9:08:27 AM,9:10:54 AM,9:30:00 AM,normal,147,1293,0,y,,
2023-12-11,10,dec_11,some,32,low,6,9:08:43 AM,NA,NA,glued,,10800,5,,,
2023-12-11,10,dec_11,some,32,medium,7,9:09:10 AM,9:16:38 AM,9:34:30 AM,normal,448,1520,0,y,,
2023-12-11,10,dec_11,some,32,high,7,9:09:21 AM,,,normal,,10800,0,,,
2023-12-11,10,dec_11,some,32,low,7,9:09:37 AM,NA,NA,glued,,10800,1,,,
2023-12-11,10,dec_11,some,32,medium,8,9:10:18 AM,,,normal,,10800,4,,,
2023-12-11,10,dec_11,some,32,high,8,9:10:33 AM,,,normal,,10800,5,,,
2023-12-11,10,dec_11,some,32,low,8,9:11:16 AM,NA,NA,glued,,10800,5,,,
2023-12-11,10,dec_11,some,32,medium,9,9:11:30 AM,,,normal,,10800,5,,,
2023-12-11,10,dec_11,some,32,high,9,9:11:55 AM,,,normal,,10800,1,,,
2023-12-11,10,dec_11,some,32,low,9,9:12:11 AM,NA,NA,glued,,10800,5,,,
2023-12-11,10,dec_11,some,32,medium,10,9:12:21 AM,11:43:44 AM,12:03:57 PM,normal,9083,10296,5,y,,
2023-12-11,10,dec_11,some,32,high,10,dead,,,normal,,10800,NA,,,
2023-12-11,10,dec_11,some,32,low,10,9:12:35 AM,NA,NA,glued,,10800,5,,,
2023-12-11,10,dec_11,some,32,medium,11,9:13:10 AM,,,normal,,10800,0,,,
2023-12-11,10,dec_11,some,32,high,11,9:13:26 AM,10:38:17 AM,10:48:11 AM,normal,5091,5685,2,y,,
2023-12-11,10,dec_11,some,32,low,11,dead,NA,NA,glued,,10800,NA,,,
2023-12-11,10,dec_11,some,32,medium,12,9:14:04 AM,,,normal,,10800,5,,,
2023-12-11,10,dec_11,some,32,high,12,9:14:13 AM,10:48:10 AM,11:01:35 AM,normal,5637,6442,5,y,,
2023-12-11,10,dec_11,some,32,low,12,9:14:24 AM,NA,NA,glued,,10800,3,,,
2023-12-11,10,dec_11,some,32,medium,13,9:14:59 AM,,,normal,,10800,3,,,
2023-12-11,10,dec_11,some,32,high,13,9:15:09 AM,,,normal,,10800,0,,,
2023-12-11,10,dec_11,some,32,low,13,9:15:24 AM,NA,NA,glued,,10800,0,,,
2023-12-11,10,dec_11,some,32,medium,14,dead,,,normal,,10800,NA,,,
2023-12-11,10,dec_11,some,32,high,14,9:16:03 AM,,,normal,,10800,1,,,
2023-12-11,10,dec_11,some,32,low,14,9:16:24 AM,NA,NA,glued,,10800,0,,,
2023-12-11,10,dec_11,some,32,medium,15,9:16:48 AM,,,normal,,10800,0,,,
2023-12-11,10,dec_11,some,32,high,15,9:17:21 AM,9:33:07 AM,9:57:06 AM,normal,946,2385,1,y,,
2023-12-11,10,dec_11,some,32,low,15,9:17:34 AM,NA,NA,glued,,10800,5,,,
2023-12-11,10,dec_11,some,32,medium,16,9:18:08 AM,,,normal,,10800,0,,,
2023-12-11,10,dec_11,some,32,high,16,9:18:23 AM,,,normal,,10800,1,,,
2023-12-11,10,dec_11,some,32,low,16,9:18:31 AM,NA,NA,glued,,10800,4,,,
2023-12-11,10,dec_11,some,32,medium,17,dead,,,normal,,10800,NA,,,
2023-12-11,10,dec_11,some,32,high,17,9:19:01 AM,,,normal,,10800,2,,,
2023-12-11,10,dec_11,some,32,low,17,9:19:27 AM,NA,NA,glued,,10800,5,,,
2023-12-11,10,dec_11,some,32,medium,18,dead,,,normal,,10800,NA,,,
2023-12-11,10,dec_11,some,32,high,18,9:19:40 AM,,,normal,,10800,5,,,
2023-12-11,10,dec_11,some,32,low,18,9:19:58 AM,NA,NA,glued,,10800,5,,,
2023-12-11,10,dec_11,some,32,medium,19,9:20:20 AM,9:34:00 AM,9:46:31 AM,normal,820,1571,1,y,,
2023-12-11,10,dec_11,some,32,high,19,9:20:47 AM,,,normal,,10800,5,,,
2023-12-11,10,dec_11,some,32,low,19,9:21:05 AM,NA,NA,glued,,10800,3,,,
2023-12-11,10,dec_11,some,32,medium,20,9:21:36 AM,,,normal,,10800,5,,,
2023-12-11,10,dec_11,some,32,high,20,9:21:43 AM,12:16:17 PM,12:18:50 PM,normal,10474,10627,0,y,start time off,
2023-12-11,10,dec_11,some,32,low,20,9:21:50 AM,NA,NA,glued,,10800,3,,,
2023-12-13,11,dec_13,some,34,high,1,9:03:44 AM,,,normal,,10800,5,,,24.1 deg C
2023-12-13,11,dec_13,some,34,low,1,9:04:54 AM,NA,NA,glued,,10800,5,,,36% RH
2023-12-13,11,dec_13,some,34,medium,1,9:08:29 AM,NA,NA,glued,,10800,5,,,
2023-12-13,11,dec_13,some,34,high,2,9:05:39 AM,,,normal,,10800,5,,,
2023-12-13,11,dec_13,some,34,low,2,9:05:39 AM,NA,NA,glued,,10800,5,,,
2023-12-13,11,dec_13,some,34,medium,2,9:08:54 AM,NA,NA,glued,,10800,0,,,
2023-12-13,11,dec_13,some,34,high,3,9:06:50 AM,9:17:49 AM,9:32:55 AM,normal,659,1565,1,y,,
2023-12-13,11,dec_13,some,34,low,3,dead,NA,NA,glued,,10800,NA,,,
2023-12-13,11,dec_13,some,34,medium,3,9:09:20 AM,NA,NA,glued,,10800,0,,,
2023-12-13,11,dec_13,some,34,high,4,9:07:22 AM,,,normal,,10800,1,,,
2023-12-13,11,dec_13,some,34,low,4,9:07:23 AM,NA,NA,glued,,10800,3,,,
2023-12-13,11,dec_13,some,34,medium,4,9:09:21 AM,NA,NA,glued,,10800,0,,,
2023-12-13,11,dec_13,some,34,high,5,9:09:42 AM,11:35:10 AM,11:51:27 AM,normal,8728,9705,3,y,,
2023-12-13,11,dec_13,some,34,low,5,dead,NA,NA,glued,,10800,NA,,,
2023-12-13,11,dec_13,some,34,medium,5,dead,NA,NA,glued,,10800,NA,,,
2023-12-13,11,dec_13,some,34,high,6,9:09:55 AM,,,normal,,10800,5,,,
2023-12-13,11,dec_13,some,34,low,6,9:10:51 AM,NA,NA,glued,,10800,5,,,
2023-12-13,11,dec_13,some,34,medium,6,9:10:52 AM,NA,NA,glued,,10800,1,,,
2023-12-13,11,dec_13,some,34,high,7,9:11:27 AM,,,normal,,10800,5,,,
2023-12-13,11,dec_13,some,34,low,7,9:11:56 AM,NA,NA,glued,,10800,5,,,
2023-12-13,11,dec_13,some,34,medium,7,9:11:59 AM,NA,NA,glued,,10800,5,,,
2023-12-13,11,dec_13,some,34,high,8,9:12:40 AM,9:30:10 AM,9:46:04 AM,normal,1050,2004,1,y,,
2023-12-13,11,dec_13,some,34,low,8,9:12:41 AM,NA,NA,glued,,10800,0,,,
2023-12-13,11,dec_13,some,34,medium,8,9:12:42 AM,NA,NA,glued,,10800,0,,,
2023-12-13,11,dec_13,some,34,high,9,9:12:53 AM,,,normal,,10800,5,,,
2023-12-13,11,dec_13,some,34,low,9,9:13:41 AM,NA,NA,glued,,10800,5,,,
2023-12-13,11,dec_13,some,34,medium,9,9:13:43 AM,NA,NA,glued,,10800,2,,,
2023-12-13,11,dec_13,some,34,high,10,dead,,,normal,,10800,NA,,,
2023-12-13,11,dec_13,some,34,low,10,9:13:52 AM,NA,NA,glued,,10800,5,,,
2023-12-13,11,dec_13,some,34,medium,10,9:14:19 AM,NA,NA,glued,,10800,5,,,
2023-12-13,11,dec_13,some,34,high,11,9:14:46 AM,,,normal,,10800,3,,,
2023-12-13,11,dec_13,some,34,low,11,dead,NA,NA,glued,,10800,NA,,,
2023-12-13,11,dec_13,some,34,medium,11,9:15:00 AM,NA,NA,glued,,10800,5,,,
2023-12-13,11,dec_13,some,34,high,12,9:15:21 AM,,,normal,,10800,0,,,
2023-12-13,11,dec_13,some,34,low,12,9:15:59 AM,NA,NA,glued,,10800,1,,,
2023-12-13,11,dec_13,some,34,medium,12,9:16:11 AM,NA,NA,glued,,10800,2,,,
2023-12-13,11,dec_13,some,34,high,13,9:16:24 AM,,,normal,,10800,5,,,
2023-12-13,11,dec_13,some,34,low,13,9:16:56 AM,NA,NA,glued,,10800,5,,,
2023-12-13,11,dec_13,some,34,medium,13,9:16:57 AM,NA,NA,glued,,10800,4,,,
2023-12-13,11,dec_13,some,34,high,14,9:17:25 AM,,,normal,,10800,5,,,
2023-12-13,11,dec_13,some,34,low,14,9:17:26 AM,NA,NA,glued,,10800,1,,,
2023-12-13,11,dec_13,some,34,medium,14,dead,NA,NA,glued,,10800,NA,,,
2023-12-13,11,dec_13,some,34,high,15,9:18:26 AM,11:43:25 AM,11:50:51 AM,normal,8699,9145,5,y,,
2023-12-13,11,dec_13,some,34,low,15,9:18:52 AM,NA,NA,glued,,10800,4,,,
2023-12-13,11,dec_13,some,34,medium,15,9:19:27 AM,NA,NA,glued,,10800,1,,,
2023-12-13,11,dec_13,some,34,high,16,9:19:29 AM,9:43:21 AM,10:00:03 AM,normal,1432,2434,1,y,,
2023-12-13,11,dec_13,some,34,low,16,9:20:09 AM,NA,NA,glued,,10800,1,,,
2023-12-13,11,dec_13,some,34,medium,16,9:20:09 AM,NA,NA,glued,,10800,0,,,
2023-12-13,11,dec_13,some,34,high,17,9:20:28 AM,,,normal,,10800,0,,,
2023-12-13,11,dec_13,some,34,low,17,9:21:00 AM,NA,NA,glued,,10800,5,,,
2023-12-13,11,dec_13,some,34,medium,17,dead,NA,NA,glued,,10800,NA,,,
2023-12-13,11,dec_13,some,34,high,18,9:21:03 AM,,,normal,,10800,5,,,
2023-12-13,11,dec_13,some,34,low,18,9:21:25 AM,NA,NA,glued,,10800,5,,,
2023-12-13,11,dec_13,some,34,medium,18,dead,NA,NA,glued,,10800,NA,,,
2023-12-13,11,dec_13,some,34,high,19,9:21:51 AM,10:07:39 AM,10:24:54 AM,normal,2748,3783,3,y,,
2023-12-13,11,dec_13,some,34,low,19,9:22:08 AM,NA,NA,glued,,10800,2,,,
2023-12-13,11,dec_13,some,34,medium,19,9:22:44 AM,NA,NA,glued,,10800,3,,,
2023-12-13,11,dec_13,some,34,high,20,9:23:31 AM,,,normal,,10800,0,,,
2023-12-13,11,dec_13,some,34,low,20,9:23:32 AM,NA,NA,glued,,10800,5,,,
2023-12-13,11,dec_13,some,34,medium,20,9:23:58 AM,NA,NA,glued,,10800,5,,,
